-- TẠO CSDL CHO HỆ THỐNG BÁN/CHO THUÊ
USE master 
GO
IF DB_ID('QLBAN_THUENHA') IS NOT NULL
	DROP DATABASE QLBAN_THUENHA
GO
CREATE DATABASE QLBAN_THUENHA 
GO
USE QLBAN_THUENHA
GO

CREATE TABLE CHUNHA (
	 MA_CNHA CHAR(5) UNIQUE NOT NULL,
	 TEN_CNHA NVARCHAR(50) NOT NULL,
	 DCHI_CNHA NVARCHAR(250) DEFAULT NULL,
	 SDT VARCHAR(15) NOT NULL,
	 USER_CNHA VARCHAR(50) UNIQUE NOT NULL,
	 PASS_CNHA VARCHAR(50) NOT NULL

	CONSTRAINT PK_CHUNHA -- dat ten khoa chinh
	PRIMARY KEY (MA_CNHA)
);
GO

IF OBJECT_ID('dbo.HOPDONG', 'U') IS NOT NULL 
  DROP TABLE dbo.HOPDONG
GO

CREATE TABLE HOPDONG (
	MA_HD CHAR(5) UNIQUE NOT NULL,
	TRANGTHAI_HD CHAR(3) NOT NULL,
	NDCV NVARCHAR(100) NOT NULL,
	NGAYBD_HD DATE NOT NULL,
	NGAYKT_HD DATE DEFAULT NULL,
	CHECK (NGAYKT_HD >= NGAYBD_HD),
	MA_CNHA CHAR(5),
	MA_KH CHAR(5),
	MA_NHA CHAR(5)

	CONSTRAINT PK_HOPDONG -- dat ten khoa chinh
	PRIMARY KEY (MA_HD)
);
GO

CREATE TABLE NHANVIEN (
	MA_NV CHAR(5) UNIQUE NOT NULL,
	TEN_NV NVARCHAR(50) NOT NULL,
	SDT VARCHAR(15) NOT NULL,
	DCHI_NV NVARCHAR(250) DEFAULT NULL,
	NGSINH DATE DEFAULT NULL,
	LUONG FLOAT DEFAULT NULL,
	CHECK (LUONG > 0),
	USER_NV VARCHAR(50) UNIQUE NOT NULL,
	PASS_NV VARCHAR(50) NOT NULL,
	LAMVIEC CHAR(5)

	CONSTRAINT PK_NHANVIEN -- dat ten khoa chinh
	PRIMARY KEY (MA_NV)
);
GO

CREATE TABLE CHINHANH (
	MA_CN CHAR(5) UNIQUE NOT NULL,
	SDT_CN VARCHAR(15) NOT NULL,
	FAX_CN VARCHAR(15) NOT NULL,
	NVQUANLY CHAR(5) DEFAULT NULL,
	
	CONSTRAINT PK_CHINHANH -- dat ten khoa chinh
	PRIMARY KEY (MA_CN)
);
GO

CREATE TABLE CHINHANH_DCHI(
	MA_CN CHAR(5) UNIQUE NOT NULL,
	KHUVUC NVARCHAR(30),
	DUONG NVARCHAR(30)  NOT NULL,
	QUAN NVARCHAR(30)  NOT NULL,
	TPHO NVARCHAR(40)  NOT NULL

	CONSTRAINT PK_CHINHANH_DCHI
	PRIMARY KEY (MA_CN)
);
GO

CREATE TABLE NHA
(
	MA_NHA CHAR(5) UNIQUE NOT NULL,
	NGAYDANG DATE  NOT NULL,
	NGAYHETHAN DATE,
	CHECK (NGAYHETHAN >= NGAYDANG),
	SLPHONG INTEGER  NOT NULL,
	CHECK (SLPHONG > 0),
	TINHTRANG NVARCHAR(100)  NOT NULL,
	VIEW_NHA INTEGER  NOT NULL,
	TRANGTHAI BIT NOT NULL,
	NVPT CHAR(5),
	MA_CN CHAR(5),
	MALN CHAR(5),
	MA_CNHA CHAR(5)

	CONSTRAINT PK_NHA
	PRIMARY KEY (MA_NHA)
);
GO

CREATE TABLE NHABAN
(
	MA_NHA CHAR(5) UNIQUE NOT NULL,
	GIABAN INTEGER NOT NULL,
	CHECK (GIABAN >= 100000),
	DKCHUNHA NVARCHAR(50)

	CONSTRAINT PK_NHABAN
	PRIMARY KEY (MA_NHA)

); 
GO

CREATE TABLE NHATHUE
(
	MA_NHA CHAR(5) UNIQUE NOT NULL,
	TIENTHUETHANG INTEGER  NOT NULL,
	CHECK (TIENTHUETHANG >= 100),

	CONSTRAINT PK_NHATHUE
	PRIMARY KEY (MA_NHA)

); 
GO

CREATE TABLE DCHINHA
(
	MA_NHA CHAR(5) UNIQUE NOT NULL,
	KHUVUC NVARCHAR(30),
	DUONG NVARCHAR(30)  NOT NULL,
	QUAN NVARCHAR(30)  NOT NULL,
	TPHO NVARCHAR(40)  NOT NULL

	CONSTRAINT PK_DCHINHA
	PRIMARY KEY (MA_NHA)
);
GO

CREATE TABLE LOAINHA
(
	MA_LN CHAR(5) UNIQUE NOT NULL,
	TENLN NVARCHAR(20)  NOT NULL

	CONSTRAINT PK_LOAINHA
	PRIMARY KEY (MA_LN)
);

CREATE TABLE KHACHHANG
(
	MA_KH CHAR(5) UNIQUE NOT NULL,
	TEN_KH NVARCHAR(50) NOT NULL,
	SDT VARCHAR(15) NOT NULL,
	TIEUCHI NVARCHAR(100) DEFAULT NULL,
	DCHI_KH NVARCHAR(250) DEFAULT NULL,
	USER_KH VARCHAR(50) UNIQUE NOT NULL,
	PASS_KH VARCHAR(50) NOT NULL,
	MA_CN CHAR(5) NOT NULL

	CONSTRAINT PK_KH
	PRIMARY KEY (MA_KH)
);
GO

IF OBJECT_ID('dbo.XEM', 'U') IS NOT NULL 
  DROP TABLE dbo.XEM
GO

CREATE TABLE XEM
(
	MA_KH CHAR(5) NOT NULL,
	MA_NHA CHAR(5) NOT NULL,
	BINHLUAN NVARCHAR(100) DEFAULT NULL,
	NGAYXEM DATE NOT NULL 
	
	CONSTRAINT PK_XEM
	PRIMARY KEY (MA_KH, MA_NHA)

);
GO

CREATE TABLE THONGTINCHITIET
(
	MA_KH CHAR(5) NOT NULL,
	MA_LN CHAR(5) NOT NULL
	
	CONSTRAINT PK_THONGTINCT
	PRIMARY KEY (MA_KH, MA_LN)

);
GO

--THEM RANG BUOC KHOA NGOAI - KHOA CHINH
ALTER TABLE HOPDONG
ADD
	CONSTRAINT FK_HD_CNHA
	FOREIGN KEY (MA_CNHA)
	REFERENCES CHUNHA

ALTER TABLE HOPDONG
ADD
	CONSTRAINT FK_HD_KHACHHANG
	FOREIGN KEY (MA_KH)
	REFERENCES KHACHHANG

ALTER TABLE HOPDONG
ADD
	CONSTRAINT FK_HD_NHA
	FOREIGN KEY (MA_NHA)
	REFERENCES NHA

ALTER TABLE NHANVIEN
ADD
	CONSTRAINT FK_NV_CHINHANH
	FOREIGN KEY (LAMVIEC)
	REFERENCES CHINHANH

ALTER TABLE CHINHANH_DCHI
ADD
	CONSTRAINT FK_CHINHANHDCHI_CN
	FOREIGN KEY (MA_CN)
	REFERENCES CHINHANH

ALTER TABLE NHA
ADD
	CONSTRAINT FK_NHA_CHINHANH
	FOREIGN KEY (MA_CN)
	REFERENCES CHINHANH

ALTER TABLE NHA
ADD
	CONSTRAINT FK_NHA_NV
	FOREIGN KEY (NVPT)
	REFERENCES NHANVIEN

ALTER TABLE NHA
ADD
	CONSTRAINT FK_NHA_LOAINHA
	FOREIGN KEY (MALN)
	REFERENCES LOAINHA

ALTER TABLE NHA
ADD
	CONSTRAINT FK_NHA_CHUNHA
	FOREIGN KEY (MA_CNHA)
	REFERENCES CHUNHA

ALTER TABLE NHABAN
ADD
	CONSTRAINT FK_NHABAN_THONGTINNHA
	FOREIGN KEY (MA_NHA)
	REFERENCES NHA

ALTER TABLE NHATHUE
ADD
	CONSTRAINT FK_NHATHUE_THONGTINNHA
	FOREIGN KEY (MA_NHA)
	REFERENCES NHA

ALTER TABLE DCHINHA
ADD
	CONSTRAINT FK_DCHINHA_THONGTINNHA
	FOREIGN KEY (MA_NHA)
	REFERENCES NHA

ALTER TABLE KHACHHANG
ADD
	CONSTRAINT FK_KH_CHINHANH
	FOREIGN KEY (MA_CN)
	REFERENCES CHINHANH

ALTER TABLE XEM
ADD
	CONSTRAINT FK_XEM_KH
	FOREIGN KEY (MA_KH)
	REFERENCES KHACHHANG

ALTER TABLE XEM
ADD
	CONSTRAINT FK_XEM_NHA
	FOREIGN KEY (MA_NHA)
	REFERENCES NHA

ALTER TABLE THONGTINCHITIET
ADD
	CONSTRAINT FK_TTCT_KH
	FOREIGN KEY (MA_KH)
	REFERENCES KHACHHANG

ALTER TABLE THONGTINCHITIET
ADD
	CONSTRAINT FK_TTCT_LOAINHA
	FOREIGN KEY (MA_LN)
	REFERENCES LOAINHA

ALTER TABLE CHINHANH
ADD
	CONSTRAINT FK_CN_NVQL
	FOREIGN KEY (NVQUANLY)
	REFERENCES NHANVIEN
/*--cần thêm 6 dòng nữa*/
INSERT INTO CHUNHA (MA_CNHA,TEN_CNHA,DCHI_CNHA,SDT,USER_CNHA,PASS_CNHA)
VALUES('CN001',N'Nguyễn Hoàng Minh',N'32B Hẻm 123 KP.5 Nguyễn Văn Quá Q.12 TPHCM','(01416) 265613','minhhoangnguyen','123456789'),
('CN002',N'Trần Trí Linh',N'227 Nguyễn Văn Cừ Q.5 TPHCM','(022) 5517 2868','trantrilinh_2k','helloworld')

INSERT INTO CHUNHA (MA_CNHA,TEN_CNHA,DCHI_CNHA,SDT,USER_CNHA,PASS_CNHA)
VALUES('CN003',N'Hoàng Nguyên Linh',N'123B, Chung cư A Võ Văn Kiệt, Q.4,TPHCM','(01243) 316606','hnglinh','hnglinh'),
('CN004',N'Lâm Ngọc Phương Anh',N'Hẻm 7A/19, Thành Thái, Q.10, TPHCM','(022) 5517 2868','lngphuonganh','helloworld'),
('CN005',N'Lê Phương Đào',N'451, Tô Hiến Thành, Phường 14, Q.10, TPHCM','(022) 5517 2868','lphuongdao2k','meomeomeo'),
('CN006',N'Trần Quỳnh Như',N'339/34A,Tô Hiến Thành ,Phường 12 ,Q.10, TPHCM','(0119) 310 3943','nhuchidung','tranquynhnhu'),
('CN007',N'Phạm Quốc Long',N'Phố Đặng Văn Ngữ, Phường Nam Đông, Q.Đống Đa HN','076 6492 6663','longpham1970','phamquoclong1970'),
('CN008',N'Lư Ngọc Liên',N'Phố Trần Quang Diệu, Phường Ô Chợ Dừa, Q.Đống Đa HN','(01518) 391678','lienlu999','liencute2k2')

INSERT INTO CHINHANH
VALUES('CI001','(01249) 174255','+1 212 999 8888',NULL),
('CI002','(0121) 795 2941','+2 212 999 7777',NULL),
('CI003','0845 46 44','+1 212 102 6666',NULL),
('CI004','07624 257296','+2 212 345 7778',NULL),
('CI005','0800 1111','+1 512 284 2600',NULL),
('CI006','(01676) 289835','+2 199 299 123',NULL),
('CI007','0845 46 49','+1 138 001 1040',NULL),
('CI008','0800 982580','+2 213 888 9999',NULL)
INSERT INTO CHINHANH_DCHI(MA_CN,KHUVUC,DUONG,QUAN,TPHO)
VALUES ('CI001','KVI',N'222A Võ Văn Kiệt','Q.5','TP.HCM'),
('CI002','KVI',N'128 An Dương Vương','Q.5','TP.HCM'),
('CI003','KVI',N'77 Thành Thái','Q.10','TP.HCM'),
('CI004','KVI',N'333 Võ Văn Ngân',N'Q.Thủ Đức','TP.HCM'),
('CI005','KVI',N'14 Hai Bà Trưng','Q.3','TP.HCM'),
('CI006','KVI',N'15 Hậu Giang','Q.6','TP.HCM'),
('CI007','KVI',N'89 Phạm Ngũ Lão','Q.1','TP.HCM'),
('CI008','KVI',N'39 Thảo Điền','Q.2','TP.HCM')
INSERT INTO NHANVIEN(MA_NV,TEN_NV,SDT,DCHI_NV,NGSINH,LUONG,USER_NV,PASS_NV,LAMVIEC)
VALUES('NV001',N'Lâm Chí Khanh','07012345670',N'91 Nguyễn Phúc Chu, Phường 15, Q.Tân Bình, TPHCM','1990-11-11',2000.0,'lamchikhanh','123456789','CI001'),
('NV002',N'Trần Thị Phát','09050557374',N'43, Lương Định Của, Phường 5, Q.3, TP.HCM','1992-08-03',3000.0,'chocon','d5QHj5Yo7YlyiJC0','CI002'),
('NV003',N'Võ Bùi Yến','09087871647',N'54, Lương Định Của, Phường 1, Q.Bình Tân, TP.HCM','1993-02-06',4500.0,'vegeta','GQ5LYVnE','CI003'),
('NV004',N'Lương Thị Yến','09018601803',N'479, Hai Bà Trưng, Phường 2, Q.3, TP.HCM','1992-01-10',5000.0,'putin2020','kHFm5kvm','CI004'),
('NV005',N'Nguyễn Hữu Thắng','09075018547',N'394, Nguyễn Thượng Hiền, Phường 12, Q.Thủ Đức, TP.HCM','1989-01-05',6000.0,'trump2020','vDU5aFfE','CI005'),
('NV006',N'Lương Thị Mỹ','09086020327',N'305, Nguyễn Hữu Cầu, Phường 3, Q.12, TP.HCM','1990-11-02',7000.0,'helloMy','0CF8HP2iWhh','CI006'),
('NV007',N'Võ Trọng Thanh','09076126545',N'464, Hai Bà Trưng, Phường 5, Q.6, TP.HCM','1992-08-11',8000.0,'JotaroKujo','rYo1NzQ1p7P','CI007'),
('NV008',N'Triệu Lệ Dĩnh','09080144758',N'74, Nguyễn Hữu Cầu, Phường 3, Q.Tân Bình, TP.HCM','1979-11-06',9000.0,'MugenDamashi','12HCAkCYP1w','CI008'),
('NV009',N'Trần Quỳnh Như','09080144758',N'13/1E, Phan Văn Hớn, Tân Thới Nhất, Q.12, TP.HCM','1968-07-28',9500.0,'tranchidung','V9E7xfqQBZhT','CI002'),
('NV010',N'Võ Trần Quang Tuấn','09080144321',N'KTX 135, Trần Hưng Đạo, Q.1, TP.HCM','2002-10-26',1200.0,'tuanchodien','TgCuq2dAGnU','CI003'),
('NV011',N'Lê Đình Tiến','07010144666',N'74, Nguyễn Hữu Cầu, Phường 3, Q.Tân Bình, TP.HCM','1998-11-06',3000.0,'tiendinhle','RW5aA7Tdgcbs','CI002'),
('NV012',N'Đinh Vũ Lương','09180143241',N'649 Hoàng Văn Thụ, Phường 4, Q.Tân Bình, TP.HCM','1992-11-21',6000.0,'dinhvuluong','r8DYwD7s59e','CI008'),
('NV013',N'Lê Phương Đào','0123456789',N'20 Lý Tự Trọng, Bến Nghé, Q.1, TP.HCM','1999-06-25',5500.0,'lephuongdao','LSaBZSr4UGr','CI001'),
('NV014',N'Võ Trần Minh Ánh','0909658345',N'Nghĩa Kỳ, Tư Nghĩa, Quảng Ngãi','2000-08-25',2400.0,'minhanh','UubM2rK2uR','CI001')

UPDATE CHINHANH SET NVQUANLY = CASE
	WHEN MA_CN= 'CI001' THEN N'NV001'
	WHEN MA_CN= 'CI002' THEN N'NV002'
	WHEN MA_CN = 'CI003' THEN N'NV003'
	WHEN MA_CN= 'CI004' THEN N'NV004'
	WHEN MA_CN = 'CI005' THEN N'NV005'
	WHEN MA_CN = 'CI006' THEN N'NV006'
	WHEN MA_CN = 'CI007' THEN N'NV007'
	WHEN MA_CN = 'CI008' THEN N'NV008'
	END
WHERE MA_CN IN ('CI001','CI002','CI003','CI004','CI005','CI006','CI007','CI008');

INSERT INTO LOAINHA(MA_LN,TENLN)
VALUES('LN001',N'Nhà mặt phố'),
('LN002',N'Căn hộ/Chung cư'),
('LN003',N'Biệt thự'),
('LN004',N'Nhà ngõ, hẻm'),
('LN005',N'Nhà phố liền kề')


INSERT INTO KHACHHANG(MA_KH,TEN_KH,SDT,TIEUCHI,DCHI_KH,USER_KH,PASS_KH,MA_CN)
VALUES('KH001',N'Tô Thi Phượng','09012345678',N'Cần tìm nhà ở mặt tiền đường Q.5',N'234 Tô Hiến Thành Phường 14 Q.10 TP.HCM','thiphuong','21234500','CI005'),
('KH002',N'Trần Trọng Thanh','09065478060',N'Tìm nhà cho thuê ở quận 5',N'43, Lương Định Của, Phường 5, Q.3, TP.HCM','meocon','1919192000havefun','CI006'),
('KH003',N'Lương Công Dũng','09027210126',N'Cần tìm một nhà có giá dưới 1 tỷ mặt tiền đường',N'173, Phạm Văn Chiêu, Phường 7, Q.Bình Tân, TP.HCM','saiyanlevel3','2123460002','CI007'),
('KH004',N'Lâm Thanh Vui','09073014256',N'Thuê nhà mặt tiền Q.1',N'100, Lương Định Của, Phường 12, Q.5, TP.HCM','ngokhong191','21234500','CI008'),
('KH005',N'Lâm Công Tấn','09027778648',N'Cần thuê nhà có 3 phòng riêng, trong đó có 1 phòng vệ sinh',N'341, Hai Bà Trưng, Phường 6, Q.7, TP.HCM','vuioilavui','192345678','CI003'),
('KH006',N'Lương Trọng Hoa','09076375006',N'Cần thuê nhà giá rẻ cho SV',N'324, Nguyễn Thượng Hiền, Phường 7, Q.6, TP.HCM','luongtronghoa','helloday@123','CI006'),
('KH007',N'Võ Công Vui','09023573642',N'Cần mua nhà 1 trệt 1 lầu ở Thủ Đức',N'419, Phạm Văn Chiêu, Phường 3, Q.Thủ Đức, TP.HCM','hehehuhujojo','happyday','CI001'),
('KH008',N'Lương Trọng Thắng','09006502225',N'Nhu cầu tìm nhà cho SV 2 phòng ở quận 5 gần ĐH KHTN',N'302, Hai Bà Trưng, Phường 11, Q.Tân Bình, TP.HCM','DioBrando','CWmoXvFwrZp','CI004')


INSERT INTO NHA(MA_NHA,NGAYDANG,NGAYHETHAN,SLPHONG,TINHTRANG,VIEW_NHA,NVPT,MA_CN,MALN,MA_CNHA,TRANGTHAI)
VALUES('N0001','2020-05-10','2020-05-25',3,N'Nhà có giấy tờ đầy đủ, có Sổ Hồng, chưa bán',2,'NV001','CI001','LN002','CN004',0),
('N0002','2020-05-10','2020-12-25',2,N'Nhà trống cần cho thuê nguyên căn',0,'NV003','CI003','LN004','CN002',0),
('N0003','2020-06-10','2020-11-25',4,N'Nhà biệt thự có đầy đủ giấy tờ, không quy hoạch',0,'NV002','CI002','LN003','CN001',0),
('N0004','2020-07-10','2021-02-10',2,N'Có Sổ Hồng, sổ Đỏ, có quy hoạch, chưa bán',0,'NV001','CI001','LN001','CN002',0),
('N0005','2020-08-10','2021-04-04',3,N'Không có sổ Hồng, chưa bán',0,'NV006','CI006','LN005','CN003',0),
('N0006','2020-09-10','2021-05-01',3,N'Nhà có giấy tờ đầy đủ, có Sổ Hồng, chưa bán',0,'NV006','CI006','LN005','CN007',0),
('N0007','2020-10-10','2020-11-30',3,N'Nhà trống cần cho thuê nguyên căn',0,'NV004','CI004','LN004','CN005',0),
('N0008','2020-09-10','2020-10-04',6,N'Nhà có giấy tờ đầy đủ, có Sổ Hồng, đã bán',0,'NV001','CI001','LN004','CN007',1),
('N0009','2020-09-10','2020-10-30',3,N'Nhà trống cần cho thuê nguyên căn',0,'NV006','CI006','LN004','CN007',0),
('N0010','2020-09-10','2020-10-30',4,N'Nhà biệt thự có đầy đủ giấy tờ, không quy hoạch',0,'NV006','CI006','LN003','CN004',0)

INSERT INTO NHATHUE(MA_NHA,TIENTHUETHANG)
VALUES ('N0002',8000),
('N0007',5000),
('N0009',9000),
('N0008',5600)

INSERT INTO NHABAN(MA_NHA,DKCHUNHA,GIABAN)
VALUES ('N0001',N'Đặt cọc trước một nửa giá bán',400000),
('N0003',N'Đặt cọc trước một nửa giá bán',980000),
('N0004',N'Đặt cọc trước một nửa giá bán',950000),
('N0005',N'Đặt cọc trước một nửa giá bán',750000),
('N0006',N'Đặt cọc trước một nửa giá bán',720000),
('N0010',N'Đặt cọc trước một nửa giá bán',950000)
INSERT INTO DCHINHA(MA_NHA,KHUVUC,DUONG,QUAN,TPHO)
VALUES ('N0001','KVI',N'2 Nguyễn Thanh Sơn','Q.2','TP.HCM'),
('N0002','KVI',N'232/13/4 Trần Phú','Q.5','TP.HCM'),
('N0003','KVI',N'21 Thảo Điền','Q.2','TP.HCM'),
('N0004','KVI',N'4 Lê Văn Việt','Q.9','TP.HCM'),
('N0005','KVI',N'33 Nguyễn Gia Trí',N'Q.Bình Thạnh','TP.HCM'),
('N0006','KVI',N'35 Nguyễn Gia Trí',N'Q.Bình Thạnh','TP.HCM'),
('N0007','KVI',N'93/23 Nguyễn Biểu','Q.6','TP.HCM'),
('N0008','KVI',N'9/4/5 Hải Thượng Lãn Ông','Q.10','TP.HCM'),
('N0009','KVI',N'123/1/2 Hải Thượng Lãn Ông','Q.4','TP.HCM'),
('N0010','KVI',N'239 Phạm Viết Chánh','Q.7','TP.HCM')


INSERT INTO HOPDONG(MA_HD,TRANGTHAI_HD,NDCV,NGAYBD_HD,NGAYKT_HD,MA_CNHA,MA_KH,MA_NHA)
VALUES ('HD001','HDT',N'Hợp đồng bán nhà đã đặt cọc đầy đủ','2020-10-01',NULL,'CN007','KH002','N0008')

INSERT INTO XEM
VALUES('KH001','N0001',N'Nhà nhỏ, thoáng, sạch sẽ','2020-05-13'),
('KH003','N0001',N'Nhà nhỏ, thoáng, sạch sẽ','2020-05-14')


INSERT INTO THONGTINCHITIET (MA_KH,MA_LN)
VALUES ('KH001','LN001'),
('KH002','LN002'),
('KH003','LN003'),
('KH004','LN004'),
('KH005','LN005'),
('KH006','LN001'),
('KH007','LN003'),
('KH008','LN003')







